0,1,2,3,4,5,6,7,8,9,10,11,12,13,14,15,16,17,18,19,20,21,22,23,24,25,26,27,28,29,30,31,32,33,34,35,36,37,38,39,Label
-260.1085,100.856926,-25.453163,-0.26903588,-15.496022,-11.916001,-12.884925,-5.1382093,-15.833023,6.257811,-19.12237,-3.2959812,-9.022757,-5.3560014,-8.236508,-5.466085,-7.6727405,-3.957086,-8.035568,-6.582905,-6.6570683,-4.363709,-9.121484,-3.4520514,-7.6857166,-6.263259,-7.1979446,-5.648842,-7.9906893,-4.6525254,-3.8777647,-3.3153641,1.99875,0.18023077,1.723869,1.1114796,0.9347111,-0.20711721,0.8993341,0.7836457,FAKE
-258.9036,93.914345,-27.627075,-1.9326234,-13.1137905,-17.308937,-16.980614,-6.1603074,-13.806536,0.11201827,-13.5030365,-3.1980257,-7.6881886,-10.505781,-9.077229,-12.601463,-12.037309,-4.117791,-7.679174,-5.176277,-6.2236433,-6.092772,-1.6259032,7.774641,3.3585079,4.6042137,2.233432,2.480516,4.0033236,-0.045372482,-1.1004213,-1.1105105,0.6671095,-1.934437,-0.5601038,-0.7248279,-1.2462391,-2.435469,-0.5137795,1.363245,FAKE
-268.50894,118.533066,-38.89298,13.812951,0.95487934,-9.624188,-7.970809,-5.0410466,-15.510432,3.864957,-7.4000525,0.85523677,-3.03987,0.6168638,-6.281366,0.46330008,-5.382605,-3.9098449,-2.379909,0.091512166,-8.074308,-0.19117114,-4.6577187,-4.6065574,-2.289094,-4.1848383,-2.0690017,-2.7113883,-1.8279064,-1.1055752,-0.986918,-1.103893,3.9234514,3.1983523,2.6754324,4.2573485,2.1845303,2.536247,3.1261797,2.5981612,FAKE
-272.68378,101.50515,-22.251564,4.101077,-13.010054,-2.0067053,-14.781232,-6.4339256,-9.6004715,-0.3251042,-7.303461,-2.6248477,-5.2756314,-2.2670484,-9.210426,-0.6697293,-6.918519,-4.0127525,-3.2980194,-3.839853,-5.46707,-1.8027078,-1.2632242,-0.8715056,0.1207221,1.1596665,-0.19775231,-0.83366525,1.0104294,-1.3602563,-0.92265064,-2.1075509,-0.4808489,-0.95766723,-1.7987597,-2.398288,-1.9867449,-3.442671,-1.9428216,-1.4057759,FAKE
-254.73932,66.81036,-33.19487,-4.094302,-21.5257,-7.582412,-17.506756,-6.2469726,-16.6611,0.03336176,-11.853679,-1.5912809,-6.788474,-1.3529011,-9.15108,1.6358083,-11.820272,-2.5215235,-5.408006,-7.5329533,-7.892402,0.056832705,-3.8189414,3.7385123,3.4166462,3.2812943,1.2679166,1.7140452,1.0265805,0.36974022,0.4062242,-0.5684099,-0.93857557,-0.59243226,-0.46118662,-1.18904,-1.932739,-1.3734132,-2.1283572,-1.8776495,FAKE
-257.93683,64.86041,-25.226696,10.45378,-22.00046,-7.905928,-13.830372,-1.5537796,-14.400801,3.5851831,-14.58132,1.0567677,-13.156489,-3.6993515,-11.043175,-8.9415655,-11.673278,-3.5713644,-13.075293,-4.623428,-8.071563,-2.61594,-5.1002316,4.14479,-1.6068785,2.2821162,1.2916201,-0.9769944,0.55971444,-0.4674052,-2.6065717,-0.94420296,-1.8904868,-1.1770675,-2.385585,-2.0415227,-2.104379,-3.9062579,-2.0130067,-1.8299898,FAKE
-280.70587,90.476036,-29.340605,-1.4076414,-10.379232,-5.2440376,-16.590866,-1.7064363,-16.501638,-4.703816,-2.8285797,-7.1333876,-6.335107,1.1816615,-8.194813,0.8649496,-12.631316,-3.2062669,-10.357286,-5.793434,-6.2175293,-0.98209184,-4.448883,2.053816,-1.8871975,3.1915836,-1.2751895,3.6811073,-0.3929711,2.618118,-0.3668919,1.7716285,1.1470435,0.07887222,-1.1032494,0.07036192,-1.7541461,-1.3569236,-1.2135379,-0.51374954,FAKE
-242.47618,94.89489,6.8227596,33.255135,3.9078224,9.701347,-13.826393,-1.9726433,-9.559812,7.1805615,-8.716327,4.787618,-4.311183,0.2534324,-4.7354574,3.0037842,-6.7334394,2.0796764,-1.5483062,3.7021725,-6.3613048,0.02702473,-2.90772,-0.050275695,-3.902566,1.3444636,-2.3565392,-0.69235766,-0.70240533,-2.0158062,-1.5726451,-0.87853944,0.07164778,-3.5933983,-0.06221039,-2.8231418,-1.0933578,-1.3315642,0.4761639,-2.9474359,FAKE
-361.67105,100.891945,4.1052575,28.479933,1.6772891,2.3129685,-12.772098,8.369359,-4.7282524,11.108903,-6.1222076,12.688414,-2.1591532,3.4140384,-2.0268352,-2.47471,-5.5192304,7.382773,0.505882,6.995735,-1.0598742,-0.5362638,0.9155842,10.153228,2.9590244,5.0871997,1.5516012,4.6957316,3.8257027,0.2818188,-0.1988095,1.136219,2.539535,0.5397646,0.8736075,1.3594589,1.4145749,0.41849133,3.2722375,3.4354877,FAKE
-299.7777,114.965454,-12.397703,33.86784,14.58329,2.1523545,-8.265089,-1.8472173,-12.44614,6.6170616,-3.7507887,6.534606,-1.0260457,7.903302,-3.5145564,8.162762,-2.6432858,-0.46166885,0.91038144,4.8093863,-7.208024,2.8169074,-2.688902,-0.7133901,-0.93369776,0.410879,1.1001594,0.4376869,-0.26073384,0.09507613,-0.85651284,-1.5495154,1.2792323,0.61963886,-0.52954274,0.37949598,-0.9443378,-0.09348801,0.3281327,-1.0068315,FAKE
-256.0186,108.669876,2.028418,24.126278,2.094895,9.667885,-17.182493,-4.9088,-7.337729,5.6062713,-3.0308602,2.7747467,-2.2750027,2.1275914,-7.217521,6.0175605,-3.1395698,0.38202822,-0.29536992,2.8091774,-2.8035955,-1.1544269,0.81085414,-1.4441004,-2.4438562,1.9182919,-1.7851391,-1.1533685,0.24221036,-1.3581103,-0.7627535,-0.1422501,0.70272166,-0.43502805,0.24795267,-1.7442584,-0.18493992,-1.7003045,-0.273507,-0.546972,FAKE
-325.50876,106.18816,5.058224,31.05348,1.9149289,14.647467,-13.840372,5.306364,-6.624907,3.1809375,-1.4295727,6.3143816,-0.8430241,5.3329434,1.8925315,5.1377697,-4.5223193,3.9687793,-0.99174464,-0.23062725,-2.1323798,0.43265656,-0.8781725,1.6879823,-0.09234455,2.2832186,-1.3777997,1.3041279,-0.40627545,-1.584833,-0.1497009,-0.38424534,0.14070673,-0.8532887,-0.039126188,-1.7398541,-1.1435789,-0.8289556,0.061631553,-2.4362452,FAKE
-272.61612,64.56734,6.334692,39.948658,-8.41217,4.100521,-13.654524,9.320094,-9.314509,9.732417,-8.365652,11.239138,-7.8445683,5.985988,-4.5660486,-0.7779521,-6.284909,5.5801196,-6.663135,4.2142935,-2.5887666,3.452148,-3.2720978,7.2192507,-1.3752329,3.5914462,1.972485,1.6563419,2.412634,1.347244,-0.18319961,3.156479,0.9698705,3.0642543,0.8614517,1.4124111,1.80909,0.33626297,2.2258072,0.9415686,FAKE
-248.07278,92.18548,1.4409311,27.141768,7.8624697,10.970088,-11.96423,2.2834406,-12.040924,-1.8088017,-1.0236676,1.745776,-5.854672,8.525533,-1.2708727,8.6045265,-9.009067,1.7320547,-5.7805147,0.32369205,-4.882687,3.9064522,-5.234628,1.9629211,-6.203735,1.31973,-5.1528883,1.8392948,-3.1529913,0.75397336,-2.8422835,3.4363847,-0.04304053,0.6231492,-1.8386158,0.7551059,-1.5238341,-1.0820539,-0.021923637,-0.36120018,FAKE
-253.21689,95.454445,-7.5836635,17.361046,-11.550299,1.9195585,-20.198381,-7.715794,-16.638134,-1.6699752,-11.997474,-0.77651,-10.509447,-4.4611964,-11.116407,-2.6159692,-9.497339,-3.9987562,-5.983994,-1.6480114,-8.663204,-2.461237,-4.996248,-5.0425696,-6.476755,-2.9672227,-6.3933153,-3.4655585,-5.0598836,-5.3123355,-4.11381,-3.625554,-2.832466,-4.764624,-1.4539005,-3.6527567,-1.7322507,-2.582669,-1.0118827,-3.687915,FAKE
-254.40517,107.13218,-13.871202,22.399054,-10.25962,-5.176639,-12.489872,0.9087411,-15.340473,5.041277,-11.460312,-4.5972548,-10.31948,0.8596565,-10.549878,-1.3730389,-6.599928,-2.5126965,-7.4746065,-3.4910293,-6.8540816,-4.449647,-7.6067004,-3.8934286,-6.9315333,-4.0791078,-6.363782,-2.727812,-6.768954,-4.1961956,-4.1724887,-4.3927283,-3.4809644,-3.7796738,-2.552792,-3.827948,-2.8548746,-4.0732145,-3.7233698,-3.4412465,FAKE
-250.76634,117.728546,-22.377508,30.396112,3.842538,-3.1512663,-9.441015,-8.359404,-15.489609,3.11775,-7.625323,3.0124233,-6.0614104,3.394196,-8.569058,4.352615,-5.655811,-5.148277,-2.9361389,2.8433769,-10.973576,0.72663444,-5.199327,-4.5816126,-4.908442,-1.7959207,-1.4491724,-2.489711,-1.720087,-1.5786628,-0.9671913,-3.1088884,-0.05787624,-1.2571942,-1.9045058,-0.81642693,-2.1583865,-1.1515561,-1.5268121,-2.2970188,FAKE
-268.54486,102.09541,-9.659309,16.165157,-3.3968139,4.1953783,-18.49335,-5.6713204,-11.122903,2.0532243,-5.961346,-1.9714065,-6.2511754,-0.18993856,-11.878859,2.1182985,-5.2513566,-4.8355927,-3.0772681,-0.88325864,-5.461062,-2.5707815,-1.6602095,-4.1605988,-4.195037,-0.91388845,-4.473027,-3.6616983,-2.485109,-3.9368618,-3.0668616,-2.4498258,-2.2155018,-2.2622118,-1.4934919,-2.7203531,-1.2437587,-3.11831,-2.1976516,-1.2982631,FAKE
-251.43309,110.2286,-9.028042,27.603468,-7.6297493,11.717114,-18.532501,3.5855029,-14.429383,-1.0320766,-4.7226787,-2.0138235,-5.6104994,-1.3873231,-4.9777203,0.26841512,-7.9691358,-4.7818027,-3.4253898,-4.791989,-6.799194,-1.8811334,-4.8155193,-4.0959945,-4.151058,-2.4918995,-5.6016846,-1.419423,-4.4338956,-4.3538785,-2.1199703,-3.0584779,-3.784187,-3.8322437,-3.287624,-4.2653136,-3.5688596,-4.0005927,-3.6327224,-5.47523,FAKE
-234.93768,50.273712,-8.564315,26.25878,-23.714483,-6.706354,-19.168896,-0.60655314,-22.038624,1.668123,-16.179098,0.6014055,-18.363146,-1.659075,-14.032964,-10.150774,-12.256733,-3.3822932,-14.828556,-3.287175,-9.808552,-3.2172415,-9.738596,1.3119818,-7.2079334,-1.3243214,-2.1366434,-2.6263688,-0.41530776,-0.1277085,-0.56530535,3.0248117,-0.24432462,2.3501847,0.39815128,1.8948953,2.6794922,0.49274704,1.4328074,0.36768067,FAKE
-252.42305,83.60989,-11.198828,17.916037,-6.2835817,2.3891294,-17.970724,-3.4200604,-20.303127,-7.2816668,-6.405003,-5.5527463,-12.237675,2.3430798,-9.015919,2.72356,-15.161033,-3.1850073,-10.429112,-3.860545,-8.318943,-0.17581098,-9.872335,-2.0056446,-10.647323,-2.742749,-8.857816,-2.0013962,-6.3443165,-2.2088802,-5.638389,1.0108373,-2.918501,-1.3341651,-3.1262336,-0.1664215,-2.7100778,-2.2041016,-1.5332309,-1.1640177,FAKE
-275.2074,102.663506,-1.7194837,20.687037,1.1614963,3.7497551,-17.228765,-4.868191,-12.327139,1.8142756,-7.725455,1.6767015,-6.9972477,-1.0763613,-8.926743,1.1794692,-7.4599314,-1.7560135,-4.867782,-0.2819947,-7.1672764,-1.3511102,-2.569719,-2.8908746,-6.599294,-1.0941392,-4.197465,-2.7528117,-3.4664643,-3.2196593,-3.483811,-3.2277205,-2.408937,-6.4374437,-2.507792,-4.5517697,-3.271196,-3.1233156,-1.1612244,-5.449665,FAKE
-281.12766,110.81938,-4.915457,22.470219,0.1881446,-7.0783825,-12.980607,-0.58997536,-9.286253,6.094974,-9.0539875,-4.437043,-6.128279,1.0744065,-5.984167,-0.82568717,-4.6620297,-2.1867054,-6.076271,-4.5691195,-6.2055197,-4.00721,-6.1727405,-3.9045758,-5.3706965,-3.3555465,-5.2687874,-2.269474,-6.0167413,-4.1776237,-2.9218478,-4.0410533,-2.6356099,-2.819935,-1.7623994,-3.4038687,-2.4575016,-3.657688,-3.2166438,-3.0260231,FAKE
-272.50128,105.97135,-11.127355,18.41461,-1.696511,-12.397247,-20.36102,-4.502633,-10.162841,2.4049385,-15.262256,2.03305,-8.198344,-7.2770452,-6.6425395,-15.835731,-13.189021,-1.9607521,-5.457865,-1.7890011,-4.676487,-7.8890953,-4.614706,4.025283,-1.1997893,-0.6116432,-4.1731052,-0.49856523,0.16117637,-3.7540998,-3.9165738,-3.2896974,-1.2041795,-2.9348423,-2.448873,-1.1272981,0.4398316,-1.4194679,1.2998567,3.8760397,FAKE
-305.8079,114.65767,1.5735308,19.72278,4.0443797,8.398262,-16.878565,-8.408174,-7.56672,0.41191226,-4.278381,-0.40939298,-3.2663527,-3.9087667,-6.8798804,0.2782042,-4.79583,-1.7975284,-5.416913,-2.303921,-5.4031353,-4.303561,-2.1011589,-4.679476,-4.565824,-1.2833902,-3.6216834,-3.1917672,-2.0259538,-1.9539498,-1.6236221,-1.4784573,-1.1049383,-1.826231,-1.7332484,-3.1730716,-1.422922,-3.2090235,-2.3947592,-1.7178292,FAKE
-374.31625,101.834015,9.335633,20.03242,6.545219,5.4368815,-9.978528,-1.5895879,-2.7954688,-1.5141547,0.4151696,-0.24284141,-0.929425,-0.7346547,0.3540556,-1.13536,-5.4741426,-3.6704206,-3.7961228,-5.8797545,-4.8955183,-3.0098648,-1.6457143,-3.4241529,-2.5979729,-0.9421843,-4.07753,-1.2896214,-2.5736482,-3.5434537,-1.0703696,-1.829407,-1.9918191,-2.723575,-2.285969,-2.6776795,-2.9988663,-2.7057154,-2.2519524,-3.5232966,FAKE
-341.44995,64.95295,5.4971585,28.493368,-9.144309,-8.392791,-15.581278,2.2970202,-9.189466,2.7467797,-6.9165983,1.9543278,-7.1705585,-3.2428503,-4.5846343,-8.520991,-8.968422,-1.4065228,-9.608811,-4.340848,-5.6243024,-1.2747105,-6.027765,1.2740037,-2.941587,-2.3011115,-0.8260462,-3.2270222,-0.6791635,-2.7186902,-1.8094203,-1.0387148,-1.4038447,-0.9552971,-1.7584331,-1.0366247,-0.26242957,-1.9560957,0.17568664,-0.5401044,FAKE
-281.78497,97.20588,3.5413823,22.932026,5.881445,4.425182,-13.083267,-3.6692288,-12.430131,-3.3020406,-1.4840158,-2.8152978,-6.8434143,3.3460932,-2.4022079,3.26758,-11.373542,-2.9773982,-8.337549,-4.3592224,-7.6971526,0.6415163,-7.1524343,-2.2885783,-8.035116,-1.7557584,-6.939629,-0.8774426,-5.432274,-0.9186291,-3.7908654,1.5224321,-1.8649813,-1.8973104,-3.3806658,-1.5138814,-3.4463568,-3.5618536,-2.4376817,-2.304627,FAKE
-344.30576,75.554665,-13.031928,1.4159142,-10.344353,-5.874416,-9.806292,-5.16763,-6.9647107,-3.2919374,-6.7369275,-0.66669524,-6.295171,-0.5588515,-5.023339,-3.3162606,-5.677265,-2.2798862,-2.7078469,-4.1843095,-6.5172505,-2.6568296,-4.487999,-4.3827267,-2.7941902,-1.3140408,-1.6974488,1.8374565,1.1918617,2.3699417,3.1554863,2.3897684,3.4594965,1.119048,2.2383902,1.092075,1.1422285,0.92829067,1.2863399,-0.88263047,FAKE
-343.21475,85.65894,-15.256305,3.446634,-12.375698,-9.433034,-4.9091525,-3.1413906,-10.530189,5.3098965,-11.814568,-3.9217262,-4.5282054,-2.213123,-4.9587836,-3.7907937,-5.8505793,-2.3024845,-5.4135437,-5.091918,-4.714759,-2.7600036,-5.9504304,-1.8958956,-4.1708922,-3.123385,-3.6452847,-2.351407,-5.482581,-2.640684,-2.513609,-4.064166,-1.4158645,-2.484951,-1.158809,-1.1968268,-0.36927477,-0.54350764,0.5779013,0.45929193,FAKE
-323.98642,78.78115,-22.351015,-0.36594638,-8.285077,-15.248763,-10.630139,-3.7714434,-9.675329,1.6786665,-10.822868,-2.099536,-5.769303,-7.4613137,-5.7225122,-11.31136,-10.011615,-2.4323123,-5.8534856,-3.164616,-5.41902,-7.018631,-3.9231198,2.0307968,-1.7007937,1.3838239,0.9987057,2.7091084,4.666829,2.727106,3.2113972,2.7602203,3.4959445,2.1382644,2.4901664,2.086338,1.8935528,0.7227933,2.11893,2.3882606,FAKE
-311.50885,114.6158,-27.046364,15.705335,3.656858,-7.587607,-4.2989383,-4.315858,-10.677306,2.8986204,-4.243389,1.2441664,-0.92436177,0.7535285,-2.8471513,1.3902156,-3.761144,-4.7014575,-0.05700123,0.783332,-7.4690137,0.64481926,-3.1207423,-4.0847406,-1.2179774,-2.1946394,0.36241242,-0.84008735,-0.19381975,-0.5617815,-0.96210456,-2.597293,-0.19297007,-0.77821666,-1.443127,0.59794056,-0.059271127,1.7894305,1.6356378,1.6937593,FAKE
-330.3265,67.36573,-17.985296,-0.12983212,-16.237345,-5.930146,-10.856868,-2.5206664,-12.205724,-0.6916703,-7.734139,-4.061012,-5.156229,-1.3654082,-4.5535884,0.068112634,-8.871399,-0.450962,-3.6280339,-5.4446087,-6.047287,-2.6579595,-5.3650045,-1.5929127,-2.1116357,0.025751676,0.54042757,2.389486,3.1081169,3.6641705,5.2341604,3.1236825,2.747049,2.9653637,3.259777,1.6972077,1.200803,1.8747756,0.5217321,-0.19209027,FAKE
-332.00537,58.67164,-17.978699,12.94961,-16.97186,-7.6617155,-6.992648,-0.63156146,-9.805047,3.2025757,-9.796125,0.4617131,-8.588555,-1.0442928,-6.6763144,-7.437211,-8.732441,-1.9106113,-9.655476,-3.000722,-6.926986,-3.3001633,-7.2198215,-0.4128777,-4.5732703,-0.28877565,0.7192891,0.24578606,2.0409436,2.5901663,1.2863032,2.928385,0.8467008,2.7336667,0.5628809,1.4312068,0.45697826,-0.44894996,0.42015824,-0.33382645,FAKE
-349.3125,74.14648,-17.648636,1.6684384,-7.145379,-5.683923,-8.8516245,-0.86220425,-11.594837,-3.9169536,-0.33105472,-6.1403494,-4.4456134,2.6640475,-4.153942,1.2893194,-8.763608,-1.3245035,-6.467165,-5.0174894,-4.5053267,-2.4287772,-6.795664,-2.893011,-6.230863,-1.0406171,-2.8041239,2.5971613,0.7389514,3.7568743,3.6875427,4.638335,3.6115494,2.9970248,2.110305,2.4309993,0.97225034,1.0851251,0.8994682,0.53382915,FAKE
-294.6239,84.05852,-7.3059235,17.819757,-0.64420575,5.2133603,-15.654963,-5.1862016,-14.54479,1.5309263,-11.169255,0.26315042,-8.835662,-2.4959185,-9.946185,-0.3477555,-9.335667,-1.750451,-5.7298136,0.6019457,-8.345045,-2.5538898,-4.7240214,-2.4988565,-6.9434114,-0.7416835,-3.9943826,-2.5348282,-3.5601404,-3.3829036,-3.2215118,-3.2134097,-2.119644,-5.8181353,-2.6557236,-5.2207527,-3.3954477,-3.257997,-1.43075,-4.977818,FAKE
-293.6306,95.122246,-17.534634,12.092318,-6.2643766,-7.456297,-13.812688,-4.0768647,-14.63896,3.8786983,-12.317971,-6.2787757,-8.61087,-0.98578346,-8.369125,-2.1532493,-6.342501,-2.811123,-7.356658,-4.726194,-6.796968,-4.156762,-7.523245,-3.8552616,-5.730942,-3.4048145,-4.873553,-1.8599291,-6.3115635,-4.2746224,-3.1765916,-3.9514685,-2.8965147,-3.4783056,-2.6621003,-4.302572,-3.2175977,-3.995211,-2.8592317,-2.8734918,FAKE
-293.1937,87.059975,-20.805824,7.8363595,-4.3970995,-12.376821,-20.66423,-7.183387,-14.269709,-0.56331635,-16.156897,-2.497952,-10.92314,-9.097459,-8.444332,-15.458377,-13.206014,-3.059463,-5.828412,-1.2934638,-5.304851,-8.208342,-4.6535263,2.150914,-3.1120267,-0.9448624,-4.0152206,-0.73107654,-0.5190749,-3.5911922,-3.2155118,-2.926064,-0.31476423,-1.4527436,-1.19878,0.19219097,1.8671483,0.6650668,4.1671596,6.357276,FAKE
-285.93182,113.518814,-24.978535,25.374985,9.335746,-2.954041,-8.293564,-8.584875,-15.737332,2.0990794,-8.357911,2.5313675,-5.3897567,2.4889333,-6.2832956,3.4805455,-5.108594,-4.887323,-2.3826823,2.0836053,-10.182443,0.25278494,-3.9931583,-3.7718344,-3.4018073,-1.1896346,-0.12447469,-1.1643139,-0.38517997,-1.0092059,-1.1354716,-2.7837307,0.060997956,-0.8508809,-2.163524,-1.3544031,-2.253211,-0.53682184,-1.0077944,-1.7392346,FAKE
-314.47778,100.20979,-6.436267,14.904346,1.551943,7.3847904,-13.39968,-7.5184298,-9.235208,-0.4149361,-6.225119,-1.7358475,-4.1769247,-2.899751,-8.328911,0.58888155,-5.0812054,-2.4392262,-4.5502267,-1.8731943,-5.5884604,-3.9795418,-1.9629803,-4.6371083,-4.1075187,-0.485855,-2.9852493,-2.553746,-1.8053349,-2.5461016,-1.8011557,-1.6676466,-1.5954981,-2.753182,-2.471618,-4.5099473,-2.4801974,-3.4291167,-2.2264023,-2.0896106,FAKE
-280.45612,52.155453,-12.677328,23.328796,-14.181298,-4.200413,-20.4896,-0.040371634,-16.94431,0.48201957,-12.89526,-0.50160325,-13.720421,-2.8583906,-11.223505,-8.3440075,-12.845033,-2.0451252,-12.602565,-2.9455645,-8.524231,-2.019157,-9.961917,-0.039854262,-6.804183,-2.8573873,-2.910063,-3.888196,-2.565336,-3.0992613,-3.8956282,-1.1239588,-2.6793191,-0.5739421,-2.4660375,-0.70520073,-0.20221315,-0.6997166,1.8732712,1.4705117,FAKE
-298.31723,86.9345,-9.347309,17.789165,2.3066988,6.362494,-11.773288,-2.9516656,-15.50701,-4.07155,-4.092753,-2.1992483,-8.886772,3.8183308,-4.512938,4.3159223,-12.499327,-1.7137253,-9.423074,-3.4094195,-7.8754354,0.92588115,-8.532994,-1.5954343,-8.608943,-1.4971359,-7.248297,-0.8080169,-5.216134,-0.9328516,-4.7902718,1.6292647,-2.3952003,-2.6224337,-4.2904544,-2.550962,-4.3065557,-3.7804663,-2.541763,-2.3693097,FAKE
-288.04373,75.1327,1.3050721,20.612984,-2.8624907,4.5705104,-16.885332,-5.5776696,-14.110191,0.6071564,-10.3933525,-0.84766304,-9.800558,-2.6609967,-10.111521,-1.5284972,-9.472024,-1.374411,-5.4776793,-0.6871839,-9.141224,-2.7084975,-5.1643085,-3.4933128,-6.855977,-1.952036,-5.5850577,-3.1881917,-3.3665617,-3.947987,-3.6568928,-3.4120345,-1.941001,-5.8166933,-2.5839832,-4.369628,-2.671528,-2.9810631,-1.3181081,-4.4881253,FAKE
-418.59604,80.46073,-4.358062,10.325046,-8.104554,-5.401952,-15.459869,-2.3120983,-17.715582,3.5559242,-15.762074,-4.6329103,-11.770523,-0.8040803,-13.138383,-0.9655183,-9.331415,-2.123143,-9.648351,-5.071578,-8.9289665,-4.507255,-8.145873,-4.4202385,-6.78323,-4.955959,-6.1559124,-3.5753355,-6.6124988,-4.9755864,-3.8772438,-5.150731,-2.8597002,-3.968721,-2.7998223,-3.8030174,-2.6399565,-4.1153684,-2.7465987,-3.139911,FAKE
-429.88278,75.88279,-9.92991,7.3847184,-8.778861,-10.8332205,-22.360527,-6.219175,-19.195862,-0.18926662,-18.726948,0.43750367,-13.716022,-6.8506536,-13.577322,-11.680205,-15.363497,-1.263214,-8.5174885,-1.7427397,-8.157523,-7.8831625,-5.624576,2.0114956,-3.4391062,-1.4134703,-4.110337,-0.9367764,-0.002273028,-3.8366492,-2.9540827,-2.659258,-0.11382827,-1.6253853,-0.6326636,0.5403305,2.011065,0.8229519,4.283947,5.7249994,FAKE
-429.92563,90.03839,-10.204598,19.244354,7.542367,-2.373205,-10.718673,-7.9003887,-17.345417,2.0673773,-8.592275,1.4507074,-6.814157,3.3561518,-10.178866,4.529217,-7.349671,-3.4792535,-2.812517,0.0833073,-10.257255,-0.55270404,-5.139885,-4.119678,-3.9452524,-2.354722,-1.0541035,-1.9461834,-1.3471625,-1.2696514,-1.8929405,-3.17393,-0.30007318,-1.2232004,-1.44561,-1.0433539,-1.5967822,-0.8659682,-0.5006451,-1.3583314,FAKE
-308.04343,93.08246,1.8886722,16.573868,-0.7533252,7.052381,-16.55798,-8.292592,-9.247949,-0.15185787,-6.2351117,-1.5183121,-6.515542,-2.30705,-9.370601,0.92128414,-5.982062,-1.7254004,-3.8281934,-1.181492,-5.602905,-3.6125395,-2.284812,-4.390992,-4.337454,-1.2170879,-3.8850315,-3.235544,-1.7571126,-2.6117218,-2.1834526,-2.2171698,-1.6083918,-2.3101861,-2.0989182,-3.5540311,-1.7486202,-3.2907722,-2.318329,-1.865107,FAKE
-429.7956,80.96341,-1.3472452,14.236902,-5.136556,7.0297203,-17.06179,-1.1959597,-14.785927,-1.7306916,-7.2967563,-0.6166581,-9.092499,1.4960586,-7.3772874,0.96988773,-9.844477,-0.5142514,-6.684868,-5.0441737,-7.4914904,-2.9098887,-5.053494,-3.0629992,-4.549939,-2.7168484,-4.95207,-2.5160847,-3.4360394,-4.1819005,-2.0392084,-3.153284,-2.7932582,-3.3776245,-2.3632498,-3.677333,-2.426482,-2.5676925,-1.9409778,-3.485557,FAKE
-295.43433,76.94639,-0.63539433,17.214228,0.90794945,5.0165663,-14.235114,-2.723892,-16.363886,-5.187315,-4.9548645,-3.7933424,-9.5119095,3.427675,-5.748704,3.3614275,-11.822884,-2.557724,-8.8874035,-4.482671,-7.5477233,-0.09274423,-8.095403,-2.205341,-8.612603,-2.776938,-7.174915,-1.7022291,-5.0369816,-1.5714666,-4.09144,0.9525186,-2.177354,-2.16995,-3.3677392,-1.7228035,-3.2464502,-3.1618228,-2.1667144,-2.0319989,FAKE
-272.24994,91.887726,-16.733955,5.9313345,-14.469584,-2.0656352,-17.257437,-8.344628,-14.440877,-1.0805632,-10.834292,-1.2214347,-7.6812663,-4.466668,-7.0064325,-3.1942863,-6.9327297,-2.287052,-4.5596027,-1.1568581,-5.8384614,-2.0886624,-2.7677147,-3.9883633,-5.851453,-3.2463756,-4.9479537,-3.8044875,-3.6792274,-4.4176598,-2.691529,-2.7168195,-1.4700732,-3.89664,-1.2789128,-2.9931712,-1.0475546,-1.3038934,-0.068763494,-2.6321893,FAKE
-317.85693,93.19662,-27.12151,9.652802,-18.19288,-6.7775035,-15.586726,-1.3806201,-14.8806305,5.9633183,-12.730262,-2.721209,-8.461992,0.34502134,-7.783116,-1.6321843,-5.8424134,-1.7430125,-6.4760146,-2.5445566,-5.2607317,-2.589342,-5.747767,-2.985365,-5.077771,-3.4187243,-4.794277,-2.3338513,-5.5144496,-3.86144,-2.8172395,-4.047834,-2.2814472,-2.910278,-2.0654361,-3.4259381,-1.893711,-3.1719327,-2.4112043,-2.7325304,FAKE
-264.50256,81.869835,-32.543903,0.71796495,-17.14267,-17.273571,-21.505001,-7.6203623,-15.26654,-0.98270327,-14.791814,-3.4686882,-9.802864,-10.718487,-8.045914,-13.500623,-12.226106,-3.0701053,-6.295256,-2.7093167,-4.8098745,-6.1890087,-2.8323052,4.05728,-1.0075754,0.9385753,-0.36469305,1.3934553,2.9699528,-0.05530284,1.4646759,1.5121914,3.2467942,1.3487437,2.6043181,2.977678,3.2882204,1.854564,3.4089081,4.275666,FAKE
-265.73413,113.87157,-27.54693,20.464977,0.3633808,-4.294395,-8.893305,-6.048106,-13.652052,4.827385,-7.1212454,2.445515,-3.6690211,2.5114958,-4.8659954,2.644169,-3.8632782,-3.6787853,-2.7748086,2.9499745,-7.6554046,0.27573735,-3.1293168,-2.8014147,-3.4509647,-1.6548394,0.04830758,-1.6818506,-0.43639722,-1.0106964,-0.04047981,-2.8116996,0.54604715,-0.9785301,-1.5395795,-0.9627035,-1.3875872,-0.61783326,-0.7681138,-1.6912309,FAKE
-291.1012,95.36503,-13.482859,10.591426,-9.216419,3.01534,-14.094071,-4.696053,-10.027042,2.7549415,-4.197023,-2.1198442,-4.857004,-0.9374347,-7.1748366,0.14846179,-4.17628,-1.9402792,-3.185018,-0.68617123,-3.846838,-2.661505,-0.4182586,-3.6829848,-3.8803623,-1.7736022,-3.4891548,-3.9439597,-2.2344062,-3.5880268,-2.4646168,-2.5427456,-1.4739672,-2.1971288,-1.5240527,-2.3979034,-0.9824046,-1.8510793,-1.3838996,-0.84570086,FAKE
-270.35007,81.87615,-22.436419,7.8901153,-16.670437,-2.882222,-17.410872,-1.8616941,-17.84206,-0.04098869,-8.9392395,-6.0056615,-8.024165,-2.5303264,-4.9469976,-0.7260748,-8.532088,-0.75892866,-5.3778787,-4.0225315,-5.905779,-2.315661,-5.6613793,-4.0573606,-4.597922,-4.9783936,-5.2348013,-3.9520874,-4.3047013,-4.2095265,-1.3944399,-2.1780274,-2.2517774,-1.7610095,-0.6464909,-2.268607,-0.9942771,-0.5394842,-0.7970346,-1.2885724,FAKE
-306.20093,61.473804,-23.517721,16.179432,-25.90022,-6.3656983,-21.470219,-0.6641665,-17.302485,2.2856266,-12.767254,0.7063753,-12.844238,-2.5593076,-10.601727,-7.1471243,-12.176676,-1.7137415,-11.772963,-2.4327452,-7.6080575,-0.8235743,-8.623972,-0.10259403,-5.977374,-3.3418927,-3.0458908,-3.4759374,-2.6608508,-3.0053678,-2.9438546,-1.6990088,-1.9104941,-1.1434827,-1.6693563,-1.3397049,-0.2087747,-1.7211518,0.09165298,-0.67087585,FAKE
-275.00848,117.23315,-52.507126,-7.438482,-16.040346,-3.4578817,-18.029593,-6.40599,-14.490019,0.026261633,-9.320571,-1.0306691,-8.627766,-4.784946,-11.8423605,-0.4257686,-14.13331,-5.602208,-11.364408,-8.31658,-11.876719,-4.7951894,-5.2178574,-0.5869098,-0.42253003,1.611694,-0.73074466,-2.0839288,-1.312601,-1.1377022,-1.3369495,-2.45998,-0.6305413,-2.2200155,-2.0765352,-2.3829648,-1.9666779,-3.6342504,-2.8659186,-2.7053134,REAL
-256.93,115.666626,-4.39025,26.249256,6.789149,4.4882274,-6.555023,5.054517,-6.117625,11.637358,-7.121092,3.4191422,-1.9084337,5.28641,-0.47492197,3.5119033,-1.5963972,3.4027529,-1.4902921,-0.21204418,-1.323904,0.7630995,-1.4519614,0.27330446,-3.975613,-1.7728086,-1.9351021,-0.9633768,-1.7302312,-2.2401295,-1.2675037,-1.3628483,-0.50171345,-1.2061048,-1.1796658,-1.2938914,-0.687881,-1.4826161,-0.99916005,-1.9657648,REAL
-278.74802,93.562225,-29.730576,21.363153,-15.5198345,-11.692097,-25.537153,-2.3649218,-15.8784685,5.6795774,-18.373573,1.5220673,-16.668892,-4.369212,-9.452645,-10.782215,-11.318143,-0.5645763,-15.005505,-3.5096374,-7.7907076,-5.637552,-5.627288,-2.6030798,-5.997343,-0.44821444,-5.1272964,-0.08711467,-1.739065,1.5089996,1.447333,2.589534,1.8055477,2.4816866,0.19412927,2.343496,2.2703333,1.2128745,1.7568517,0.028971896,REAL
-248.25002,168.32622,-16.75881,21.82504,12.964885,-8.925458,-9.285087,-23.104162,-13.211295,-6.284047,-2.4571505,1.5384597,0.17330611,-1.033501,-3.2163098,4.094861,0.77708095,-6.1186233,1.1842715,-1.4647654,-6.3839498,-3.3213553,-2.5326796,-4.103737,-3.834497,-1.361116,-2.2241182,-1.9527295,-1.6053306,-1.9019405,1.2876203,-0.4033121,-0.8815396,1.4403161,-0.2845226,0.22695835,0.32958275,-0.2945002,-0.10275255,-1.2355361,REAL
-435.9615,109.96818,-36.4604,3.61992,-22.01407,2.735155,-12.598229,-1.8864783,-8.125822,4.0391603,-1.4899741,3.1991463,-1.9079664,3.4195917,-7.934445,-0.10991756,-4.836817,-3.205727,-5.064748,-2.155181,-8.118523,-5.299046,-4.3987675,-3.8174703,-3.3845873,-0.1668125,1.3064836,0.011706439,3.2507207,2.452116,3.6547697,2.7226791,2.7814872,1.8052151,2.5691485,1.1288124,1.6576818,-0.03651849,1.1040515,-0.24696356,REAL
-353.45502,102.8698,-17.037445,13.006072,-10.064619,3.2328691,-26.68716,-9.108101,-20.111439,-6.8762355,-12.31488,0.8750715,-13.600863,-1.5685295,-8.410611,-2.54722,-14.074838,-3.9265895,-7.967923,-4.081066,-9.193356,-2.3780522,-6.3068366,-4.4954042,-1.8066347,-2.7627358,-1.1055341,-1.7725009,-1.7480464,-1.4350936,-2.3390822,-1.9553182,-1.2213143,-2.0059109,-3.3526902,-3.700483,-3.2959974,-2.4019973,-1.1740054,-2.3487992,REAL
-343.5013,48.16308,-7.313133,21.132427,-21.9379,-2.6374762,-24.217213,-2.6848443,-17.984877,-2.3019783,-15.533666,-1.8843385,-15.241531,-5.4752173,-14.606891,-7.6456256,-14.7645235,-3.108254,-12.772197,-5.6476192,-9.116302,-4.8370304,-9.017178,-2.6300826,-7.297303,-3.0986428,-5.5270653,-2.788224,-4.2115755,-2.8545284,-4.1474037,-2.3280337,-1.6058638,-1.2716707,-1.235603,-1.1733218,0.40701365,0.05289672,1.7974412,1.6175798,REAL
-285.7228,86.29614,-29.728287,4.740103,-16.823217,-0.07732031,-28.198235,-2.9336646,-17.615633,-5.7510486,-9.810581,-1.0554022,-13.511866,0.18493131,-9.540458,0.46295,-10.713219,-1.0958155,-6.3895397,-1.3003198,-6.128292,-0.17428023,-5.2449207,-1.5842047,-4.9436445,-2.4706159,-4.2481422,-3.4119685,-2.7814317,-3.5232122,-0.8846746,-2.2628398,-1.0969875,-0.94636863,-1.386535,-0.9534054,-0.14929551,-1.7607193,0.6681233,-1.6004121,REAL
